{
  "project_info": {
    "project_number": "820278121133",
    "project_id": "driva-app-20cb9",
    "storage_bucket": "driva-app-20cb9.appspot.com"
  },
  "client": [
    {
      "client_info": {
        "mobilesdk_app_id": "1:820278121133:android:a3cd78c37f43e926aa6c24",
        "android_client_info": {
          "package_name": "com.digitizer.driva"
        }
      },
      "oauth_client": [
        {
          "client_id": "820278121133-krpf43fvqtqehqkd45idh7of3mjsbh9f.apps.googleusercontent.com",
          "client_type": 3
        }
      ],
      "api_key": [
        {
          "current_key": "AIzaSyBGih-jH30R_xzutMuJS6C3-b-cVdkJAWA"
        }
      ],
      "services": {
        "appinvite_service": {
          "other_platform_oauth_client": [
            {
              "client_id": "820278121133-krpf43fvqtqehqkd45idh7of3mjsbh9f.apps.googleusercontent.com",
              "client_type": 3
            },
            {
              "client_id": "820278121133-ks5ttsr5h25jgn9mienjs5k8g0b5sm81.apps.googleusercontent.com",
              "client_type": 2,
              "ios_info": {
                "bundle_id": "com.digitizer.driva"
              }
            }
          ]
        }
      }
    }
  ],
  "configuration_version": "1"
}